{
  "client": "Thunder Client",
  "collectionName": "Movie Watchlist API",
  "dateExport": "2025-12-16",
  "version": "1.1",
  "requests": [
    {
      "name": "Register - User 1",
      "method": "POST",
      "url": "http://localhost:5000/api/auth/register",
      "headers": {
        "Content-Type": "application/json"
      },
      "body": {
        "raw": "{\"name\":\"John Doe\",\"email\":\"john@example.com\",\"password\":\"password123\"}"
      },
      "tests": []
    },
    {
      "name": "Register - User 2",
      "method": "POST",
      "url": "http://localhost:5000/api/auth/register",
      "headers": {
        "Content-Type": "application/json"
      },
      "body": {
        "raw": "{\"name\":\"Jane Smith\",\"email\":\"jane@example.com\",\"password\":\"password456\"}"
      },
      "tests": []
    },
    {
      "name": "Login - User 1",
      "method": "POST",
      "url": "http://localhost:5000/api/auth/login",
      "headers": {
        "Content-Type": "application/json"
      },
      "body": {
        "raw": "{\"email\":\"john@example.com\",\"password\":\"password123\"}"
      },
      "tests": []
    },
    {
      "name": "Login - User 2",
      "method": "POST",
      "url": "http://localhost:5000/api/auth/login",
      "headers": {
        "Content-Type": "application/json"
      },
      "body": {
        "raw": "{\"email\":\"jane@example.com\",\"password\":\"password456\"}"
      },
      "tests": []
    },
    {
      "name": "Add Movie",
      "method": "POST",
      "url": "http://localhost:5000/api/movies",
      "headers": {
        "Content-Type": "application/json",
        "Authorization": "Bearer YOUR_JWT_TOKEN_HERE"
      },
      "body": {
        "raw": "{\"title\":\"Oppenheimer\",\"genre\":\"Biography\",\"year\":2023,\"status\":\"unwatched\"}"
      },
      "tests": []
    },
    {
      "name": "Get All Movies",
      "method": "GET",
      "url": "http://localhost:5000/api/movies",
      "headers": {
        "Authorization": "Bearer YOUR_JWT_TOKEN_HERE"
      },
      "tests": []
    },
    {
      "name": "Update Movie Status",
      "method": "PUT",
      "url": "http://localhost:5000/api/movies/MOVIE_ID_HERE",
      "headers": {
        "Content-Type": "application/json",
        "Authorization": "Bearer YOUR_JWT_TOKEN_HERE"
      },
      "body": {
        "raw": "{\"status\":\"watched\"}"
      },
      "tests": []
    },
    {
      "name": "Delete Movie",
      "method": "DELETE",
      "url": "http://localhost:5000/api/movies/MOVIE_ID_HERE",
      "headers": {
        "Authorization": "Bearer YOUR_JWT_TOKEN_HERE"
      },
      "tests": []
    }
  ]
}
